{"cameraMode":{"drawMode":0,"name":"Shaded","section":"Shading Mode"},"sceneLighting":true,"audioPlay":false,"sceneViewState":{"m_AlwaysRefresh":false,"showFog":true,"showSkybox":true,"showFlares":true,"showImageEffects":true,"showParticleSystems":true,"showVisualEffectGraphs":true,"m_FxEnabled":true},"in2DMode":false,"pivot":{"x":1.1249122619628907,"y":-3.3569068908691408,"z":-9.748432159423829},"rotation":{"x":-0.09489111602306366,"y":0.8723962903022766,"z":-0.18759584426879884,"w":-0.44128280878067019},"size":20.18153190612793,"orthographic":false}